DROP DATABASE IF EXISTS ASSIGNMENT;


CREATE DATABASE ASSIGNMENT;
USE ASSIGNMENT;

CREATE TABLE MCP
(
	ID_MCP VARCHAR(4) PRIMARY KEY,
    Name_MCP VARCHAR(50)
);

CREATE TABLE USER_WEB
(
	ID_USER VARCHAR(4) PRIMARY KEY,
    NAME_USER VARCHAR(50),
    username VARCHAR(50),
    PASSWORD VARCHAR(50),
    POSITION_USER VARCHAR(20),
    DOB DATE
);

CREATE TABLE TASK
(
    ID_COLLECTOR VARCHAR(4),
    ID_JANITOR VARCHAR(4),
    ID_MCP VARCHAR(4),
    DATE_TASK DATE,
    PRIMARY KEY (ID_MCP, ID_COLLECTOR, ID_JANITOR, DATE_TASK)
);

INSERT INTO MCP VALUES ('M001','Dai hoc Bach Khoa TPHCM co so 1');
INSERT INTO MCP VALUES ('M002','Dai hoc Bach Khoa TPHCM co so 2');
INSERT INTO MCP VALUES ('M003','KTX khu A');
INSERT INTO MCP VALUES ('M004','KTX khu B');
INSERT INTO MCP VALUES ('M005','Dai hoc Khoa hoc tu nhien co so 1');
INSERT INTO MCP VALUES ('M006','Dai hoc Khoa hoc tu nhien co so 2');
INSERT INTO MCP VALUES ('M007','Dai hoc Khoa hoc va xa hoi nhan van TPHCM co so 1');
INSERT INTO MCP VALUES ('M008','Dai hoc Khoa hoc va xa hoi nhan van TPHCM co so 2');
INSERT INTO MCP VALUES ('M009','Dai hoc Cong nghe thong tin TPHCM');
INSERT INTO MCP VALUES ('M010','Dai hoc Quoc te TPHCM');
INSERT INTO MCP VALUES ('M011','Dai hoc Kinh te luat TPHCM');
INSERT INTO MCP VALUES ('M012','Dai hoc Nong lam TPHCM');
INSERT INTO MCP VALUES ('M013','Dai hoc Luat TPHCM');
INSERT INTO MCP VALUES ('M014','Khoa Y Dai hoc quoc gia TPHCM');
INSERT INTO MCP VALUES ('M015','Dai hoc The duc the thao TPHCM');
INSERT INTO MCP VALUES ('M016','Dai hoc An ninh nhan dan');
INSERT INTO MCP VALUES ('M017','Nha cong vu dai hoc quoc gia TPHCM');
INSERT INTO MCP VALUES ('M018','Thu vien dai hoc quoc gia TPHCM');
INSERT INTO MCP VALUES ('M019','Nha khach dai hoc quoc gia TPHCM');
INSERT INTO MCP VALUES ('M020','Nha van hoa sinh vien dai hoc quoc gia');

SELECT * FROM MCP;

INSERT INTO USER_WEB VALUES ('B001','Nguyen Van A','BA','123','Back officer','1970-05-07');
INSERT INTO USER_WEB VALUES ('B002','Nguyen Van B','BB','123','Back officer','1975-12-25');

INSERT INTO USER_WEB VALUES ('C001','Le Minh A','CA','123','Collector','1995-01-08');
INSERT INTO USER_WEB VALUES ('C002','Le Minh B','CB','123','Collector','1997-11-05');
INSERT INTO USER_WEB VALUES ('C003','Le Minh C','CC','123','Collector','1998-03-05');
INSERT INTO USER_WEB VALUES ('C004','Le Minh D','CD','123','Collector','1999-07-09');
INSERT INTO USER_WEB VALUES ('C005','Le Minh E','CE','123','Collector','1996-12-10');

INSERT INTO USER_WEB VALUES ('J001','Ngo Van A','JA','123','Janitor','2000-11-10');
INSERT INTO USER_WEB VALUES ('J002','Ngo Van B','JB','123','Janitor','2001-03-12');
INSERT INTO USER_WEB VALUES ('J003','Ngo Van C','JC','123','Janitor','2002-12-03');
INSERT INTO USER_WEB VALUES ('J004','Ngo Van D','JD','123','Janitor','2003-12-10');
INSERT INTO USER_WEB VALUES ('J005','Ngo Van E','JE','123','Janitor','2001-11-25');
INSERT INTO USER_WEB VALUES ('J006','Ngo Van F','JF','123','Janitor','1999-12-10');
INSERT INTO USER_WEB VALUES ('J007','Ngo Van G','JG','123','Janitor','1997-10-31');
INSERT INTO USER_WEB VALUES ('J008','Ngo Van H','JH','123','Janitor','2001-12-20');
INSERT INTO USER_WEB VALUES ('J009','Ngo Van I','JI','123','Janitor','1998-09-18');
INSERT INTO USER_WEB VALUES ('J010','Ngo Van J','JJ','123','Janitor','2001-05-10');

SELECT * FROM USER_WEB;

/*2022-11-01*/
INSERT INTO TASK VALUES ('C001','J001','M001','2022-11-01');
INSERT INTO TASK VALUES ('C001','J002','M001','2022-11-01');
INSERT INTO TASK VALUES ('C001','J004','M001','2022-11-01');
INSERT INTO TASK VALUES ('C001','J001','M003','2022-11-01');
INSERT INTO TASK VALUES ('C001','J002','M003','2022-11-01');
INSERT INTO TASK VALUES ('C001','J004','M003','2022-11-01');
INSERT INTO TASK VALUES ('C001','J001','M007','2022-11-01');
INSERT INTO TASK VALUES ('C001','J002','M007','2022-11-01');
INSERT INTO TASK VALUES ('C001','J004','M007','2022-11-01');
INSERT INTO TASK VALUES ('C001','J001','M008','2022-11-01');
INSERT INTO TASK VALUES ('C001','J002','M008','2022-11-01');
INSERT INTO TASK VALUES ('C001','J004','M008','2022-11-01');


INSERT INTO TASK VALUES ('C002','J003','M002','2022-11-01');
INSERT INTO TASK VALUES ('C002','J003','M004','2022-11-01');
INSERT INTO TASK VALUES ('C002','J003','M005','2022-11-01');
INSERT INTO TASK VALUES ('C002','J003','M009','2022-11-01');

INSERT INTO TASK VALUES ('C003','J005','M006','2022-11-01');
INSERT INTO TASK VALUES ('C003','J007','M006','2022-11-01');
INSERT INTO TASK VALUES ('C003','J005','M010','2022-11-01');
INSERT INTO TASK VALUES ('C003','J007','M010','2022-11-01');
INSERT INTO TASK VALUES ('C003','J005','M013','2022-11-01');
INSERT INTO TASK VALUES ('C003','J007','M013','2022-11-01');
INSERT INTO TASK VALUES ('C003','J005','M014','2022-11-01');
INSERT INTO TASK VALUES ('C003','J007','M014','2022-11-01');

INSERT INTO TASK VALUES ('C004','J006','M011','2022-11-01');
INSERT INTO TASK VALUES ('C004','J008','M011','2022-11-01');
INSERT INTO TASK VALUES ('C004','J006','M012','2022-11-01');
INSERT INTO TASK VALUES ('C004','J008','M012','2022-11-01');
INSERT INTO TASK VALUES ('C004','J006','M018','2022-11-01');
INSERT INTO TASK VALUES ('C004','J008','M018','2022-11-01');
INSERT INTO TASK VALUES ('C004','J006','M020','2022-11-01');
INSERT INTO TASK VALUES ('C004','J008','M020','2022-11-01');

INSERT INTO TASK VALUES ('C005','J009','M015','2022-11-01');
INSERT INTO TASK VALUES ('C005','J010','M015','2022-11-01');
INSERT INTO TASK VALUES ('C005','J009','M016','2022-11-01');
INSERT INTO TASK VALUES ('C005','J010','M016','2022-11-01');
INSERT INTO TASK VALUES ('C005','J009','M017','2022-11-01');
INSERT INTO TASK VALUES ('C005','J010','M017','2022-11-01');
INSERT INTO TASK VALUES ('C005','J009','M019','2022-11-01');
INSERT INTO TASK VALUES ('C005','J010','M019','2022-11-01');



/*2022-11-02*/
INSERT INTO TASK VALUES ('C001','J001','M001','2022-11-02');
INSERT INTO TASK VALUES ('C001','J001','M002','2022-11-02');
INSERT INTO TASK VALUES ('C001','J001','M003','2022-11-02');
INSERT INTO TASK VALUES ('C001','J001','M004','2022-11-02');

INSERT INTO TASK VALUES ('C002','J002','M005','2022-11-02');
INSERT INTO TASK VALUES ('C002','J003','M005','2022-11-02');
INSERT INTO TASK VALUES ('C002','J002','M006','2022-11-02');
INSERT INTO TASK VALUES ('C002','J003','M006','2022-11-02');
INSERT INTO TASK VALUES ('C002','J002','M007','2022-11-02');
INSERT INTO TASK VALUES ('C002','J003','M007','2022-11-02');
INSERT INTO TASK VALUES ('C002','J002','M008','2022-11-02');
INSERT INTO TASK VALUES ('C002','J003','M008','2022-11-02');

INSERT INTO TASK VALUES ('C003','J004','M009','2022-11-02');
INSERT INTO TASK VALUES ('C003','J005','M009','2022-11-02');
INSERT INTO TASK VALUES ('C003','J006','M009','2022-11-02');
INSERT INTO TASK VALUES ('C003','J004','M010','2022-11-02');
INSERT INTO TASK VALUES ('C003','J005','M010','2022-11-02');
INSERT INTO TASK VALUES ('C003','J006','M010','2022-11-02');
INSERT INTO TASK VALUES ('C003','J004','M011','2022-11-02');
INSERT INTO TASK VALUES ('C003','J005','M011','2022-11-02');
INSERT INTO TASK VALUES ('C003','J006','M011','2022-11-02');
INSERT INTO TASK VALUES ('C003','J004','M012','2022-11-02');
INSERT INTO TASK VALUES ('C003','J005','M012','2022-11-02');
INSERT INTO TASK VALUES ('C003','J006','M012','2022-11-02');

INSERT INTO TASK VALUES ('C004','J007','M013','2022-11-02');
INSERT INTO TASK VALUES ('C004','J008','M013','2022-11-02');
INSERT INTO TASK VALUES ('C004','J009','M013','2022-11-02');
INSERT INTO TASK VALUES ('C004','J007','M014','2022-11-02');
INSERT INTO TASK VALUES ('C004','J008','M014','2022-11-02');
INSERT INTO TASK VALUES ('C004','J009','M014','2022-11-02');
INSERT INTO TASK VALUES ('C004','J007','M015','2022-11-02');
INSERT INTO TASK VALUES ('C004','J008','M015','2022-11-02');
INSERT INTO TASK VALUES ('C004','J009','M015','2022-11-02');
INSERT INTO TASK VALUES ('C004','J007','M016','2022-11-02');
INSERT INTO TASK VALUES ('C004','J008','M016','2022-11-02');
INSERT INTO TASK VALUES ('C004','J009','M016','2022-11-02');

INSERT INTO TASK VALUES ('C005','J010','M017','2022-11-02');
INSERT INTO TASK VALUES ('C005','J010','M018','2022-11-02');
INSERT INTO TASK VALUES ('C005','J010','M019','2022-11-02');
INSERT INTO TASK VALUES ('C005','J010','M020','2022-11-02');

/*2022-11-03*/
INSERT INTO TASK VALUES ('C001','J002','M001','2022-11-03');
INSERT INTO TASK VALUES ('C001','J006','M001','2022-11-03');
INSERT INTO TASK VALUES ('C002','J003','M003','2022-11-03');
INSERT INTO TASK VALUES ('C002','J008','M003','2022-11-03');
INSERT INTO TASK VALUES ('C002','J009','M003','2022-11-03');
INSERT INTO TASK VALUES ('C003','J005','M006','2022-11-03');
INSERT INTO TASK VALUES ('C004','J007','M007','2022-11-03');
INSERT INTO TASK VALUES ('C004','J010','M007','2022-11-03');
INSERT INTO TASK VALUES ('C005','J001','M009','2022-11-03');
INSERT INTO TASK VALUES ('C005','J004','M009','2022-11-03');
INSERT INTO TASK VALUES ('C005','J001','M011','2022-11-03');
INSERT INTO TASK VALUES ('C005','J004','M011','2022-11-03');

/*2022-11-04*/
INSERT INTO TASK VALUES ('C001','J002','M016','2022-11-04');
INSERT INTO TASK VALUES ('C002','J005','M012','2022-11-04');
INSERT INTO TASK VALUES ('C002','J007','M012','2022-11-04');
INSERT INTO TASK VALUES ('C003','J009','M018','2022-11-04');
INSERT INTO TASK VALUES ('C003','J009','M019','2022-11-04');
INSERT INTO TASK VALUES ('C004','J010','M005','2022-11-04');





















                                                            
                                                                            
                                                                            